{
  "project_info": {
    "project_number": "457721370351",
    "project_id": "myotp-822d0",
    "storage_bucket": "myotp-822d0.appspot.com"
  },
  "client": [
    {
      "client_info": {
        "mobilesdk_app_id": "1:457721370351:android:24d4e9f398de79455eed1a",
        "android_client_info": {
          "package_name": "com.example.myotp"
        }
      },
      "oauth_client": [],
      "api_key": [
        {
          "current_key": "AIzaSyASwDxIEpDwF4g87_JmjnTuEI9GNAAIoNE"
        }
      ],
      "services": {
        "appinvite_service": {
          "other_platform_oauth_client": []
        }
      }
    }
  ],
  "configuration_version": "1"
}